from_camera_id,to_camera_id,transition_probability,avg_travel_time_sec,std_dev_sec,distance_meters
CAM-101,CAM-102,0.65,34.5,6.2,400.0
CAM-101,CAM-108,0.35,42.0,8.1,460.0
CAM-102,CAM-103,0.48,32.0,5.5,450.0
CAM-102,CAM-104,0.32,29.0,4.8,380.0
CAM-102,CAM-106,0.20,38.5,7.0,320.0
CAM-103,CAM-105,0.72,28.4,4.2,420.0
CAM-103,CAM-102,0.28,31.2,5.1,450.0
CAM-104,CAM-105,0.58,35.0,6.0,390.0
CAM-104,CAM-102,0.42,30.5,5.2,380.0
CAM-105,CAM-104,0.60,36.2,6.5,390.0
CAM-105,CAM-103,0.40,29.8,4.9,420.0
CAM-106,CAM-107,0.75,31.0,5.8,380.0
CAM-106,CAM-102,0.25,39.0,7.2,320.0
CAM-107,CAM-103,0.68,30.2,4.8,340.0
CAM-108,CAM-104,0.70,26.5,3.9,410.0
CAM-108,CAM-101,0.30,44.0,8.5,460.0
