global_track_id,observation_id,camera_id,embedding_norm,dim_0,dim_1,dim_2,dim_3,dim_4,dim_5,dim_6,dim_7,dim_8,dim_9,dim_10,dim_11,dim_12,dim_13,dim_14,dim_15
TRK-2025-001,OBS-10001,CAM-101,1.000,0.1425,-0.0812,0.2104,0.0541,-0.1289,0.3014,0.0912,-0.1845,0.0654,-0.0412,0.2215,-0.1145,0.0841,-0.2015,0.1542,0.0312
TRK-2025-001,OBS-10002,CAM-102,1.000,0.1398,-0.0789,0.2085,0.0560,-0.1250,0.2985,0.0895,-0.1810,0.0680,-0.0395,0.2190,-0.1120,0.0865,-0.1985,0.1520,0.0335
TRK-2025-001,OBS-10003,CAM-103,1.000,0.1410,-0.0805,0.2110,0.0535,-0.1275,0.3020,0.0920,-0.1830,0.0665,-0.0405,0.2205,-0.1135,0.0850,-0.2005,0.1535,0.0320
TRK-2025-001,OBS-10004,CAM-105,1.000,0.1385,-0.0820,0.2070,0.0555,-0.1295,0.2970,0.0880,-0.1855,0.0645,-0.0420,0.2185,-0.1150,0.0835,-0.2025,0.1515,0.0305
TRK-2025-002,OBS-10005,CAM-101,1.000,-0.0915,0.2415,-0.0450,-0.1840,0.0755,0.1120,-0.2150,0.0980,-0.1450,0.1820,-0.0620,0.2450,-0.1320,0.0850,-0.1050,0.1950
TRK-2025-002,OBS-10006,CAM-102,1.000,-0.0895,0.2390,-0.0475,-0.1815,0.0780,0.1145,-0.2125,0.0995,-0.1425,0.1845,-0.0600,0.2425,-0.1295,0.0875,-0.1025,0.1975
TRK-2025-002,OBS-10007,CAM-104,1.000,-0.0925,0.2430,-0.0440,-0.1855,0.0740,0.1105,-0.2165,0.0965,-0.1465,0.1805,-0.0635,0.2465,-0.1335,0.0835,-0.1065,0.1935
TRK-2025-003,OBS-10008,CAM-106,1.000,0.2850,0.1150,-0.1950,0.0820,0.1450,-0.0750,0.1850,0.2250,-0.0650,-0.1350,0.0950,0.1120,-0.1850,0.2100,-0.0750,-0.1450
TRK-2025-003,OBS-10009,CAM-107,1.000,0.2825,0.1175,-0.1925,0.0845,0.1425,-0.0725,0.1875,0.2225,-0.0625,-0.1325,0.0975,0.1095,-0.1825,0.2125,-0.0725,-0.1425
TRK-2025-003,OBS-10010,CAM-103,1.000,0.2865,0.1135,-0.1965,0.0805,0.1465,-0.0765,0.1835,0.2265,-0.0665,-0.1365,0.0935,0.1135,-0.1865,0.2085,-0.0765,-0.1465
TRK-2025-004,OBS-10011,CAM-108,1.000,-0.1650,-0.0450,0.1820,0.2450,-0.1150,0.0950,-0.0850,-0.1750,0.2150,-0.1250,0.1550,-0.0850,0.2150,-0.1450,0.0950,0.1250
TRK-2025-004,OBS-10012,CAM-104,1.000,-0.1625,-0.0425,0.1845,0.2425,-0.1125,0.0975,-0.0825,-0.1725,0.2175,-0.1225,0.1575,-0.0825,0.2175,-0.1425,0.0975,0.1275
TRK-2025-004,OBS-10013,CAM-105,1.000,-0.1665,-0.0465,0.1805,0.2465,-0.1165,0.0935,-0.0865,-0.1765,0.2135,-0.1265,0.1535,-0.0865,0.2135,-0.1465,0.0935,0.1235
TRK-2025-005,OBS-10014,CAM-102,1.000,0.0450,-0.2150,-0.1250,0.1750,0.2150,-0.1450,0.0850,-0.1150,-0.1850,0.2450,-0.0750,0.1650,0.0950,-0.1350,0.2050,-0.0650
TRK-2025-005,OBS-10015,CAM-103,1.000,0.0475,-0.2125,-0.1225,0.1775,0.2125,-0.1425,0.0875,-0.1125,-0.1825,0.2475,-0.0725,0.1675,0.0975,-0.1325,0.2075,-0.0625
TRK-2025-005,OBS-10016,CAM-105,1.000,0.0435,-0.2165,-0.1265,0.1735,0.2165,-0.1465,0.0835,-0.1165,-0.1865,0.2435,-0.0765,0.1635,0.0935,-0.1365,0.2035,-0.0665
TRK-2025-006,OBS-10017,CAM-101,1.000,-0.2250,0.1450,0.0850,-0.1150,-0.1950,0.2150,-0.0650,0.1750,-0.1250,-0.0850,0.2450,0.0950,-0.1450,0.1650,-0.1150,0.0750
TRK-2025-006,OBS-10018,CAM-102,1.000,-0.2225,0.1475,0.0875,-0.1125,-0.1925,0.2175,-0.0625,0.1775,-0.1225,-0.0825,0.2475,0.0975,-0.1425,0.1675,-0.1125,0.0775
TRK-2025-006,OBS-10019,CAM-106,1.000,-0.2265,0.1435,0.0835,-0.1165,-0.1965,0.2135,-0.0665,0.1735,-0.1265,-0.0865,0.2435,0.0935,-0.1465,0.1635,-0.1165,0.0735
TRK-2025-007,OBS-10020,CAM-104,1.000,0.1850,-0.0650,-0.1450,0.2150,-0.0850,0.1650,0.2350,-0.0750,-0.1150,0.1950,-0.1350,-0.0950,0.2050,0.1150,-0.1650,0.0850
TRK-2025-007,OBS-10021,CAM-105,1.000,0.1825,-0.0625,-0.1425,0.2175,-0.0825,0.1675,0.2375,-0.0725,-0.1125,0.1975,-0.1325,-0.0925,0.2075,0.1175,-0.1625,0.0875
TRK-2025-007,OBS-10022,CAM-103,1.000,0.1865,-0.0665,-0.1465,0.2135,-0.0865,0.1635,0.2335,-0.0765,-0.1165,0.1935,-0.1365,-0.0965,0.2035,0.1135,-0.1665,0.0835
