track_id,current_camera_id,ground_truth_next_camera,predicted_top1_camera,top1_calibrated_prob,predicted_top2_camera,top2_calibrated_prob,predicted_top3_camera,top3_calibrated_prob,top1_hit,top3_hit,eta_min_sec,eta_max_sec
TRK-2025-001,CAM-101,CAM-102,CAM-102,0.648,CAM-108,0.245,CAM-106,0.107,1,1,28,42
TRK-2025-001,CAM-102,CAM-103,CAM-103,0.512,CAM-104,0.315,CAM-106,0.173,1,1,25,38
TRK-2025-001,CAM-103,CAM-105,CAM-105,0.725,CAM-102,0.185,CAM-104,0.090,1,1,22,34
TRK-2025-002,CAM-101,CAM-102,CAM-102,0.655,CAM-108,0.238,CAM-106,0.107,1,1,28,40
TRK-2025-002,CAM-102,CAM-104,CAM-103,0.485,CAM-104,0.342,CAM-106,0.173,0,1,24,35
TRK-2025-003,CAM-106,CAM-107,CAM-107,0.742,CAM-102,0.185,CAM-101,0.073,1,1,26,38
TRK-2025-003,CAM-107,CAM-103,CAM-103,0.690,CAM-105,0.210,CAM-106,0.100,1,1,25,36
TRK-2025-004,CAM-108,CAM-104,CAM-104,0.710,CAM-101,0.215,CAM-102,0.075,1,1,22,32
TRK-2025-004,CAM-104,CAM-105,CAM-105,0.605,CAM-102,0.285,CAM-103,0.110,1,1,28,42
TRK-2025-005,CAM-102,CAM-103,CAM-103,0.520,CAM-104,0.310,CAM-106,0.170,1,1,20,30
TRK-2025-005,CAM-103,CAM-105,CAM-105,0.730,CAM-102,0.180,CAM-104,0.090,1,1,18,28
TRK-2025-006,CAM-101,CAM-102,CAM-102,0.650,CAM-108,0.240,CAM-106,0.110,1,1,32,48
TRK-2025-006,CAM-102,CAM-106,CAM-103,0.470,CAM-104,0.320,CAM-106,0.210,0,1,35,50
TRK-2025-007,CAM-104,CAM-105,CAM-105,0.595,CAM-102,0.295,CAM-103,0.110,1,1,28,42
TRK-2025-007,CAM-105,CAM-103,CAM-104,0.575,CAM-103,0.335,CAM-102,0.090,0,1,24,36
TRK-2025-008,CAM-106,CAM-107,CAM-107,0.738,CAM-102,0.188,CAM-101,0.074,1,1,26,38
TRK-2025-008,CAM-107,CAM-103,CAM-103,0.685,CAM-105,0.212,CAM-106,0.103,1,1,25,35
TRK-2025-008,CAM-103,CAM-105,CAM-105,0.722,CAM-102,0.186,CAM-104,0.092,1,1,22,34
TRK-2025-009,CAM-101,CAM-108,CAM-102,0.635,CAM-108,0.265,CAM-106,0.100,0,1,36,52
TRK-2025-009,CAM-108,CAM-104,CAM-104,0.705,CAM-101,0.220,CAM-102,0.075,1,1,22,32
TRK-2025-010,CAM-102,CAM-104,CAM-103,0.480,CAM-104,0.345,CAM-106,0.175,0,1,25,38
TRK-2025-010,CAM-104,CAM-105,CAM-105,0.590,CAM-102,0.300,CAM-103,0.110,1,1,28,42
TRK-2025-011,CAM-108,CAM-101,CAM-104,0.680,CAM-101,0.245,CAM-102,0.075,0,1,38,54
TRK-2025-011,CAM-101,CAM-102,CAM-102,0.660,CAM-108,0.230,CAM-106,0.110,1,1,30,44
TRK-2025-012,CAM-103,CAM-105,CAM-105,0.728,CAM-102,0.182,CAM-104,0.090,1,1,22,34
TRK-2025-012,CAM-105,CAM-104,CAM-104,0.582,CAM-103,0.328,CAM-102,0.090,1,1,28,40
TRK-2025-013,CAM-101,CAM-102,CAM-102,0.652,CAM-108,0.242,CAM-106,0.106,1,1,26,38
TRK-2025-013,CAM-102,CAM-103,CAM-103,0.518,CAM-104,0.312,CAM-106,0.170,1,1,24,36
TRK-2025-014,CAM-107,CAM-103,CAM-103,0.692,CAM-105,0.208,CAM-106,0.100,1,1,20,30
TRK-2025-014,CAM-103,CAM-105,CAM-105,0.735,CAM-102,0.175,CAM-104,0.090,1,1,18,26
TRK-2025-015,CAM-106,CAM-102,CAM-107,0.730,CAM-102,0.198,CAM-101,0.072,0,1,32,46
TRK-2025-015,CAM-102,CAM-104,CAM-103,0.485,CAM-104,0.340,CAM-106,0.175,0,1,25,38
TRK-2025-016,CAM-101,CAM-102,CAM-102,0.650,CAM-108,0.240,CAM-106,0.110,1,1,28,40
TRK-2025-016,CAM-102,CAM-106,CAM-103,0.475,CAM-104,0.325,CAM-106,0.200,0,1,32,45
TRK-2025-016,CAM-106,CAM-107,CAM-107,0.745,CAM-102,0.182,CAM-101,0.073,1,1,26,38
TRK-2025-017,CAM-108,CAM-104,CAM-104,0.708,CAM-101,0.218,CAM-102,0.074,1,1,30,45
TRK-2025-017,CAM-104,CAM-102,CAM-105,0.590,CAM-102,0.300,CAM-103,0.110,0,1,34,48
TRK-2025-018,CAM-102,CAM-103,CAM-103,0.515,CAM-104,0.315,CAM-106,0.170,1,1,25,38
TRK-2025-018,CAM-103,CAM-105,CAM-105,0.726,CAM-102,0.184,CAM-104,0.090,1,1,22,34
TRK-2025-019,CAM-104,CAM-102,CAM-105,0.592,CAM-102,0.298,CAM-103,0.110,0,1,28,42
TRK-2025-019,CAM-102,CAM-101,CAM-103,0.480,CAM-104,0.320,CAM-101,0.200,0,1,26,40
TRK-2025-020,CAM-103,CAM-102,CAM-105,0.715,CAM-102,0.195,CAM-104,0.090,0,1,28,42
TRK-2025-020,CAM-102,CAM-106,CAM-103,0.470,CAM-104,0.325,CAM-106,0.205,0,1,32,46
TRK-2025-021,CAM-106,CAM-107,CAM-107,0.740,CAM-102,0.186,CAM-101,0.074,1,1,28,40
TRK-2025-022,CAM-101,CAM-102,CAM-102,0.655,CAM-108,0.238,CAM-106,0.107,1,1,26,38
TRK-2025-022,CAM-102,CAM-103,CAM-103,0.516,CAM-104,0.314,CAM-106,0.170,1,1,24,36
TRK-2025-022,CAM-103,CAM-105,CAM-105,0.728,CAM-102,0.182,CAM-104,0.090,1,1,22,34
TRK-2025-023,CAM-105,CAM-104,CAM-104,0.585,CAM-103,0.325,CAM-102,0.090,1,1,20,30
TRK-2025-024,CAM-107,CAM-103,CAM-103,0.688,CAM-105,0.210,CAM-106,0.102,1,1,25,36
TRK-2025-025,CAM-108,CAM-104,CAM-104,0.712,CAM-101,0.214,CAM-102,0.074,1,1,24,34
