global_track_id,anonymous_vehicle_id,vehicle_class,vehicle_color,first_seen_timestamp,last_seen_timestamp,cameras_traversed,observation_count,average_speed_kmh
TRK-2025-001,V-042,car,Obsidian Black,2026-10-05T08:12:00Z,2026-10-05T08:14:15Z,CAM-101;CAM-102;CAM-103;CAM-105,4,48.2
TRK-2025-002,V-118,suv,Silver Metallic,2026-10-05T08:12:30Z,2026-10-05T08:14:40Z,CAM-101;CAM-102;CAM-104,3,45.6
TRK-2025-003,V-205,truck,Crimson Red,2026-10-05T08:13:10Z,2026-10-05T08:16:05Z,CAM-106;CAM-107;CAM-103,3,38.4
TRK-2025-004,V-331,car,Polar White,2026-10-05T08:13:45Z,2026-10-05T08:15:30Z,CAM-108;CAM-104;CAM-105,3,52.1
TRK-2025-005,V-077,motorcycle,Midnight Blue,2026-10-05T08:14:00Z,2026-10-05T08:15:20Z,CAM-102;CAM-103;CAM-105,3,56.8
TRK-2025-006,V-149,bus,Emerald Green,2026-10-05T08:14:20Z,2026-10-05T08:17:10Z,CAM-101;CAM-102;CAM-106,3,34.0
TRK-2025-007,V-280,car,Titanium Gray,2026-10-05T08:15:00Z,2026-10-05T08:17:25Z,CAM-104;CAM-105;CAM-103,3,46.5
TRK-2025-008,V-092,suv,Deep Ocean Blue,2026-10-05T08:15:40Z,2026-10-05T08:18:10Z,CAM-106;CAM-107;CAM-103;CAM-105,4,47.8
TRK-2025-009,V-412,car,Obsidian Black,2026-10-05T08:16:15Z,2026-10-05T08:18:05Z,CAM-101;CAM-108;CAM-104,3,49.2
TRK-2025-010,V-523,car,Polar White,2026-10-05T08:16:50Z,2026-10-05T08:19:15Z,CAM-102;CAM-104;CAM-105,3,44.7
TRK-2025-011,V-064,truck,Charcoal Gray,2026-10-05T08:17:20Z,2026-10-05T08:20:45Z,CAM-108;CAM-101;CAM-102,3,36.2
TRK-2025-012,V-173,suv,Burgundy Red,2026-10-05T08:18:00Z,2026-10-05T08:20:10Z,CAM-103;CAM-105;CAM-104,3,48.0
TRK-2025-013,V-219,car,Silver Metallic,2026-10-05T08:18:30Z,2026-10-05T08:20:25Z,CAM-101;CAM-102;CAM-103,3,50.4
TRK-2025-014,V-345,motorcycle,Jet Black,2026-10-05T08:19:10Z,2026-10-05T08:20:30Z,CAM-107;CAM-103;CAM-105,3,58.2
TRK-2025-015,V-488,car,Pearl White,2026-10-05T08:19:40Z,2026-10-05T08:21:50Z,CAM-106;CAM-102;CAM-104,3,43.9
TRK-2025-016,V-502,suv,Bronze Gold,2026-10-05T08:20:15Z,2026-10-05T08:22:40Z,CAM-101;CAM-102;CAM-106;CAM-107,4,45.1
TRK-2025-017,V-615,bus,Yellow Saffron,2026-10-05T08:21:00Z,2026-10-05T08:24:20Z,CAM-108;CAM-104;CAM-102,3,33.5
TRK-2025-018,V-721,car,Steel Gray,2026-10-05T08:21:35Z,2026-10-05T08:23:45Z,CAM-102;CAM-103;CAM-105,3,47.3
TRK-2025-019,V-834,car,Obsidian Black,2026-10-05T08:22:10Z,2026-10-05T08:24:15Z,CAM-104;CAM-102;CAM-101,3,46.0
TRK-2025-020,V-940,suv,Glacier Blue,2026-10-05T08:22:50Z,2026-10-05T08:25:10Z,CAM-103;CAM-102;CAM-106,3,42.8
TRK-2025-021,V-055,truck,Forest Green,2026-10-05T08:23:25Z,2026-10-05T08:26:40Z,CAM-106;CAM-107;CAM-108,3,37.1
TRK-2025-022,V-162,car,Silver Metallic,2026-10-05T08:24:00Z,2026-10-05T08:26:05Z,CAM-101;CAM-102;CAM-103;CAM-105,4,49.5
TRK-2025-023,V-274,motorcycle,Crimson Red,2026-10-05T08:24:45Z,2026-10-05T08:26:00Z,CAM-105;CAM-104;CAM-102,3,55.0
TRK-2025-024,V-381,car,Polar White,2026-10-05T08:25:20Z,2026-10-05T08:27:30Z,CAM-107;CAM-103;CAM-102,3,44.2
TRK-2025-025,V-499,suv,Dark Granite,2026-10-05T08:26:00Z,2026-10-05T08:28:15Z,CAM-108;CAM-104;CAM-105,3,48.7
TRK-2025-026,V-512,car,Navy Blue,2026-10-05T08:26:35Z,2026-10-05T08:28:40Z,CAM-102;CAM-104;CAM-105,3,46.1
TRK-2025-027,V-629,bus,Ruby Red,2026-10-05T08:27:10Z,2026-10-05T08:30:15Z,CAM-101;CAM-108;CAM-104,3,35.8
TRK-2025-028,V-736,car,Graphite Gray,2026-10-05T08:27:50Z,2026-10-05T08:29:55Z,CAM-106;CAM-107;CAM-103,3,47.0
TRK-2025-029,V-848,suv,Pearl White,2026-10-05T08:28:20Z,2026-10-05T08:30:40Z,CAM-104;CAM-105;CAM-103,3,45.4
TRK-2025-030,V-955,car,Champagne Gold,2026-10-05T08:29:00Z,2026-10-05T08:31:05Z,CAM-103;CAM-105;CAM-104,3,48.9
TRK-2025-031,V-019,motorcycle,Matte Black,2026-10-05T08:29:40Z,2026-10-05T08:31:00Z,CAM-101;CAM-102;CAM-103,3,57.3
TRK-2025-032,V-126,car,Midnight Black,2026-10-05T08:30:15Z,2026-10-05T08:32:30Z,CAM-105;CAM-103;CAM-102,3,46.8
TRK-2025-033,V-233,truck,Navy Blue,2026-10-05T08:31:00Z,2026-10-05T08:34:10Z,CAM-108;CAM-101;CAM-102,3,37.5
TRK-2025-034,V-349,suv,Silver Metallic,2026-10-05T08:31:40Z,2026-10-05T08:33:55Z,CAM-102;CAM-103;CAM-105,3,49.0
TRK-2025-035,V-455,car,Glacier White,2026-10-05T08:32:15Z,2026-10-05T08:34:20Z,CAM-107;CAM-103;CAM-105,3,50.1
TRK-2025-036,V-562,car,Cherry Red,2026-10-05T08:33:00Z,2026-10-05T08:35:10Z,CAM-106;CAM-102;CAM-103,3,43.5
TRK-2025-037,V-678,suv,Emerald Green,2026-10-05T08:33:45Z,2026-10-05T08:36:00Z,CAM-101;CAM-102;CAM-104;CAM-105,4,47.2
TRK-2025-038,V-784,car,Cobalt Blue,2026-10-05T08:34:20Z,2026-10-05T08:36:25Z,CAM-104;CAM-105;CAM-103,3,46.4
TRK-2025-039,V-891,bus,Azure Blue,2026-10-05T08:35:00Z,2026-10-05T08:38:15Z,CAM-103;CAM-105;CAM-104,3,34.2
TRK-2025-040,V-997,motorcycle,Vibrant Orange,2026-10-05T08:35:35Z,2026-10-05T08:36:55Z,CAM-102;CAM-104;CAM-105,3,54.6
TRK-2025-041,V-038,car,Shadow Gray,2026-10-05T08:36:15Z,2026-10-05T08:38:20Z,CAM-108;CAM-104;CAM-105,3,48.3
TRK-2025-042,V-144,suv,Pearl White,2026-10-05T08:37:00Z,2026-10-05T08:39:15Z,CAM-101;CAM-102;CAM-103;CAM-105,4,48.9
TRK-2025-043,V-251,car,Jet Black,2026-10-05T08:37:40Z,2026-10-05T08:39:45Z,CAM-106;CAM-107;CAM-103,3,45.8
TRK-2025-044,V-368,truck,Steel Gray,2026-10-05T08:38:20Z,2026-10-05T08:41:30Z,CAM-107;CAM-103;CAM-105,3,39.0
TRK-2025-045,V-474,car,Silver Metallic,2026-10-05T08:39:00Z,2026-10-05T08:41:05Z,CAM-105;CAM-104;CAM-102,3,47.1
TRK-2025-046,V-589,suv,Obsidian Black,2026-10-05T08:39:45Z,2026-10-05T08:42:00Z,CAM-102;CAM-106;CAM-107,3,44.5
TRK-2025-047,V-695,motorcycle,Gloss Red,2026-10-05T08:40:20Z,2026-10-05T08:41:40Z,CAM-104;CAM-102;CAM-101,3,56.1
TRK-2025-048,V-802,car,Arctic White,2026-10-05T08:41:00Z,2026-10-05T08:43:10Z,CAM-103;CAM-102;CAM-106,3,46.0
TRK-2025-049,V-918,car,Espresso Brown,2026-10-05T08:41:40Z,2026-10-05T08:43:45Z,CAM-101;CAM-108;CAM-104,3,49.8
TRK-2025-050,V-024,suv,Gunmetal Gray,2026-10-05T08:42:15Z,2026-10-05T08:44:30Z,CAM-108;CAM-101;CAM-102;CAM-103,4,47.7
