observation_id,global_track_id,camera_id,timestamp,bbox_x,bbox_y,bbox_width,bbox_height,detection_confidence,tracking_confidence,temporal_plate_confidence,estimated_speed_kmh,heading_direction
OBS-10001,TRK-2025-001,CAM-101,2026-10-05T08:12:00Z,0.342,0.485,0.125,0.180,0.965,0.942,0.978,48.0,EAST
OBS-10002,TRK-2025-001,CAM-102,2026-10-05T08:12:35Z,0.410,0.512,0.130,0.185,0.958,0.935,0.982,47.5,EAST
OBS-10003,TRK-2025-001,CAM-103,2026-10-05T08:13:20Z,0.298,0.470,0.118,0.172,0.972,0.951,0.990,49.2,EAST
OBS-10004,TRK-2025-001,CAM-105,2026-10-05T08:14:15Z,0.380,0.530,0.134,0.190,0.961,0.940,0.975,48.1,SOUTH_EAST
OBS-10005,TRK-2025-002,CAM-101,2026-10-05T08:12:30Z,0.520,0.490,0.145,0.210,0.952,0.928,0.960,46.0,EAST
OBS-10006,TRK-2025-002,CAM-102,2026-10-05T08:13:08Z,0.480,0.505,0.140,0.205,0.960,0.932,0.971,45.2,EAST
OBS-10007,TRK-2025-002,CAM-104,2026-10-05T08:14:40Z,0.315,0.460,0.138,0.198,0.948,0.920,0.955,45.6,SOUTH
OBS-10008,TRK-2025-003,CAM-106,2026-10-05T08:13:10Z,0.250,0.430,0.190,0.260,0.940,0.915,0.942,37.5,SOUTH
OBS-10009,TRK-2025-003,CAM-107,2026-10-05T08:14:25Z,0.330,0.470,0.185,0.255,0.945,0.918,0.950,38.2,SOUTH_WEST
OBS-10010,TRK-2025-003,CAM-103,2026-10-05T08:16:05Z,0.420,0.510,0.178,0.248,0.938,0.910,0.938,39.5,EAST
OBS-10011,TRK-2025-004,CAM-108,2026-10-05T08:13:45Z,0.370,0.495,0.128,0.182,0.968,0.945,0.985,53.0,EAST
OBS-10012,TRK-2025-004,CAM-104,2026-10-05T08:14:35Z,0.440,0.520,0.132,0.188,0.962,0.939,0.979,51.8,SOUTH_EAST
OBS-10013,TRK-2025-004,CAM-105,2026-10-05T08:15:30Z,0.360,0.480,0.125,0.178,0.965,0.941,0.981,51.5,SOUTH_EAST
OBS-10014,TRK-2025-005,CAM-102,2026-10-05T08:14:00Z,0.610,0.540,0.075,0.130,0.930,0.905,0.920,58.0,EAST
OBS-10015,TRK-2025-005,CAM-103,2026-10-05T08:14:35Z,0.580,0.525,0.078,0.135,0.935,0.912,0.928,56.5,EAST
OBS-10016,TRK-2025-005,CAM-105,2026-10-05T08:15:20Z,0.620,0.550,0.072,0.128,0.928,0.900,0.915,56.0,SOUTH_EAST
OBS-10017,TRK-2025-006,CAM-101,2026-10-05T08:14:20Z,0.210,0.410,0.220,0.310,0.955,0.930,0.965,34.5,EAST
OBS-10018,TRK-2025-006,CAM-102,2026-10-05T08:15:25Z,0.250,0.435,0.215,0.305,0.950,0.925,0.960,33.8,EAST
OBS-10019,TRK-2025-006,CAM-106,2026-10-05T08:17:10Z,0.300,0.460,0.210,0.298,0.942,0.918,0.952,33.7,NORTH_WEST
OBS-10020,TRK-2025-007,CAM-104,2026-10-05T08:15:00Z,0.460,0.505,0.130,0.185,0.964,0.940,0.978,46.0,SOUTH_EAST
OBS-10021,TRK-2025-007,CAM-105,2026-10-05T08:16:05Z,0.410,0.490,0.126,0.180,0.960,0.936,0.972,46.8,NORTH
OBS-10022,TRK-2025-007,CAM-103,2026-10-05T08:17:25Z,0.370,0.475,0.128,0.182,0.962,0.938,0.975,46.7,WEST
OBS-10023,TRK-2025-008,CAM-106,2026-10-05T08:15:40Z,0.490,0.510,0.142,0.208,0.958,0.932,0.968,48.0,SOUTH
OBS-10024,TRK-2025-008,CAM-107,2026-10-05T08:16:30Z,0.440,0.485,0.138,0.202,0.962,0.937,0.974,47.5,EAST
OBS-10025,TRK-2025-008,CAM-103,2026-10-05T08:17:25Z,0.390,0.465,0.136,0.198,0.965,0.941,0.978,48.2,EAST
OBS-10026,TRK-2025-008,CAM-105,2026-10-05T08:18:10Z,0.420,0.495,0.140,0.204,0.960,0.935,0.970,47.5,SOUTH_EAST
OBS-10027,TRK-2025-009,CAM-101,2026-10-05T08:16:15Z,0.330,0.470,0.124,0.178,0.967,0.944,0.982,50.0,WEST
OBS-10028,TRK-2025-009,CAM-108,2026-10-05T08:17:15Z,0.380,0.500,0.126,0.180,0.962,0.938,0.976,49.1,EAST
OBS-10029,TRK-2025-009,CAM-104,2026-10-05T08:18:05Z,0.410,0.515,0.128,0.182,0.965,0.940,0.980,48.5,SOUTH
OBS-10030,TRK-2025-010,CAM-102,2026-10-05T08:16:50Z,0.470,0.500,0.132,0.188,0.960,0.935,0.972,45.0,SOUTH
OBS-10031,TRK-2025-010,CAM-104,2026-10-05T08:18:00Z,0.430,0.485,0.128,0.184,0.963,0.938,0.977,44.2,SOUTH_EAST
OBS-10032,TRK-2025-010,CAM-105,2026-10-05T08:19:15Z,0.390,0.470,0.130,0.186,0.958,0.932,0.970,44.9,SOUTH
OBS-10033,TRK-2025-011,CAM-108,2026-10-05T08:17:20Z,0.220,0.420,0.185,0.255,0.942,0.915,0.945,36.0,EAST
OBS-10034,TRK-2025-011,CAM-101,2026-10-05T08:19:10Z,0.280,0.450,0.180,0.250,0.940,0.912,0.940,36.5,EAST
OBS-10035,TRK-2025-011,CAM-102,2026-10-05T08:20:45Z,0.320,0.470,0.182,0.252,0.938,0.910,0.938,36.1,EAST
OBS-10036,TRK-2025-012,CAM-103,2026-10-05T08:18:00Z,0.510,0.520,0.140,0.205,0.961,0.936,0.974,48.5,SOUTH_EAST
OBS-10037,TRK-2025-012,CAM-105,2026-10-05T08:19:05Z,0.460,0.495,0.136,0.200,0.965,0.940,0.980,48.2,SOUTH
OBS-10038,TRK-2025-012,CAM-104,2026-10-05T08:20:10Z,0.420,0.480,0.138,0.202,0.959,0.934,0.971,47.3,NORTH
OBS-10039,TRK-2025-013,CAM-101,2026-10-05T08:18:30Z,0.350,0.480,0.126,0.180,0.968,0.945,0.985,51.0,EAST
OBS-10040,TRK-2025-013,CAM-102,2026-10-05T08:19:25Z,0.400,0.505,0.128,0.182,0.964,0.940,0.980,50.2,EAST
OBS-10041,TRK-2025-013,CAM-103,2026-10-05T08:20:25Z,0.430,0.520,0.130,0.185,0.966,0.942,0.982,50.0,EAST
OBS-10042,TRK-2025-014,CAM-107,2026-10-05T08:19:10Z,0.630,0.555,0.076,0.132,0.932,0.908,0.925,59.0,NORTH_EAST
OBS-10043,TRK-2025-014,CAM-103,2026-10-05T08:19:50Z,0.590,0.530,0.074,0.130,0.935,0.912,0.930,58.2,EAST
OBS-10044,TRK-2025-014,CAM-105,2026-10-05T08:20:30Z,0.610,0.545,0.075,0.131,0.930,0.905,0.922,57.5,SOUTH_EAST
OBS-10045,TRK-2025-015,CAM-106,2026-10-05T08:19:40Z,0.450,0.490,0.128,0.184,0.962,0.937,0.975,44.0,EAST
OBS-10046,TRK-2025-015,CAM-102,2026-10-05T08:20:45Z,0.480,0.510,0.130,0.186,0.958,0.933,0.970,43.5,SOUTH
OBS-10047,TRK-2025-015,CAM-104,2026-10-05T08:21:50Z,0.420,0.485,0.126,0.182,0.960,0.935,0.972,44.2,SOUTH
OBS-10048,TRK-2025-016,CAM-101,2026-10-05T08:20:15Z,0.500,0.515,0.144,0.208,0.960,0.935,0.970,45.5,EAST
OBS-10049,TRK-2025-016,CAM-102,2026-10-05T08:21:05Z,0.460,0.495,0.140,0.204,0.963,0.938,0.974,45.0,EAST
OBS-10050,TRK-2025-016,CAM-106,2026-10-05T08:22:00Z,0.410,0.480,0.138,0.200,0.959,0.933,0.968,44.8,NORTH_WEST
